asset,entry_date,entry_price,exit_date,exit_price,shares,pnl,held_days
EEA,2017-08-21,9.3,2017-08-25,9.45,1075.268817204301,161.290322580644,4
IGLN,2017-08-25,25.315,2017-08-29,25.9975,401.39404789968967,273.95143769153765,1
IBZL,2017-08-29,26.44,2017-09-25,28.7,394.6763146850295,891.9684711881655,18
IUES,2017-09-25,5.21,2017-10-06,5.27,2174.1286432745387,130.44771859647153,9
IBZL,2017-10-06,29.36,2017-10-09,28.9,390.24720538340665,-179.51371447636666,1
IUES,2017-10-09,5.258,2017-10-18,5.273,2144.9494552264077,32.17424182839568,7
EQQQ,2017-10-18,127.49,2017-11-29,132.66,88.71533828071887,458.6582989113176,29
IDTL,2017-11-29,4.779,2017-11-30,4.737,2462.644230240671,-103.4310576701082,1
IUCS,2017-11-30,5.14,2017-12-21,5.2765,2269.561423861879,309.79513435714944,15
IUES,2017-12-21,5.46,2018-01-04,5.775,2193.2858705141402,690.8850492119545,7
IBZL,2018-01-04,28.55,2018-01-09,29.155,443.65064456109144,268.40863995945983,3
IUES,2018-01-09,5.842,2018-01-11,5.83,2214.0764365249265,-26.568917238297217,2
IBZL,2018-01-11,28.89,2018-01-12,29.005,446.8004716144106,51.38205423565705,1
IUES,2018-01-12,5.925,2018-01-19,5.9,2187.2485534474226,-54.681213836183815,4
IBZL,2018-01-19,29.5,2018-02-09,28.67,437.44971068948456,-363.0832598722718,15
IGLN,2018-02-09,25.8825,2018-02-12,25.99,484.56227974374667,52.090445072451985,1
SEGA,2018-02-12,108.015,2018-02-13,107.95,116.59282183530043,-7.578533419293308,1
IBZL,2018-02-13,29.16,2018-02-20,30.135,431.6253469520124,420.8347132782128,4
IGLN,2018-02-20,26.3,2018-02-21,26.0675,494.56387187828494,-114.98610021170316,1
IBZL,2018-02-21,30.64,2018-02-27,31.4,420.7586073820885,319.77654161038663,4
EQQQ,2018-02-27,138.76,2018-03-01,138.28,95.21346405158243,-45.70246274475903,2
IBZL,2018-03-01,30.82,2018-03-05,30.27,427.1939587622589,-234.95667731924368,2
SEGA,2018-03-05,108.56,2018-03-07,109.02,119.11533835421496,54.79305564293827,2
IBZL,2018-03-07,30.523,2018-03-08,30.275,425.44815999005715,-105.51114367753507,1
EQQQ,2018-03-08,137.1,2018-03-23,132.36,93.94925633624347,-445.3194750337916,11
IDTL,2018-03-23,4.516,2018-04-06,4.528,2753.5703207850283,33.042843849418205,8
IUES,2018-04-06,5.298,2018-04-09,5.267,2353.3722937928665,-72.95454110757782,1
IDTL,2018-04-09,4.541,2018-04-10,4.552,2729.6216409176454,30.025838050090897,1
IUES,2018-04-10,5.358,2018-05-17,6.032,2319.0066646989776,1563.0104920071117,25
EQQQ,2018-05-17,143.26,2018-05-21,144.22,97.64238588206223,93.7366904467799,2
IUES,2018-05-21,6.092,2018-05-23,6.06,2311.5536592106064,-73.96971709474019,2
EQQQ,2018-05-23,143.4,2018-06-26,147.98,97.68490359007164,447.39685844252745,23
IUCS,2018-06-26,4.84,2018-07-10,4.891,2986.6553787724797,152.31942431739662,9
IBZL,2018-07-10,23.32,2018-07-11,23.074,626.4035787982932,-154.0952803843793,1
IUCS,2018-07-11,4.897,2018-07-18,4.927,2951.5287272190767,88.54586181657032,5
IBZL,2018-07-18,24.345,2018-07-20,24.34,597.3375247076767,-2.986687623537364,2
IUCS,2018-07-20,4.932,2018-07-23,4.91,2947.930930937723,-64.85448048062972,1
IBZL,2018-07-23,24.695,2018-08-14,24.542,586.1243519297113,-89.67702584524523,16
EQQQ,2018-08-14,159.77,2018-08-20,158.88,90.03357229178805,-80.1298793396927,3
IUCS,2018-08-20,5.145,2018-08-29,5.038,2780.278710538248,-297.48982202759,6
EQQQ,2018-08-29,159.31,2018-09-07,156.9,87.9231946751095,-211.89489916701496,6
IDTL,2018-09-07,4.508,2018-09-10,4.481,3060.1484570817834,-82.62400834120854,1
EQQQ,2018-09-10,158.38,2018-09-11,157.55,86.57990425674625,-71.86132053309848,1
IUCS,2018-09-11,5.09,2018-09-19,5.117,2679.8946789097,72.35715633056316,6
IUES,2018-09-19,5.868,2018-09-21,5.905,2336.9156564384684,86.46587928822373,2
EEA,2018-09-21,9.5,2018-09-25,9.49,1452.577573817806,-14.525775738178709,2
IUES,2018-09-25,6.023,2018-09-28,5.975,2288.7201021967426,-109.85856490544393,3
IBZL,2018-09-28,23.48,2018-11-08,28.05,582.4149323094351,2661.6362406541175,29
IUCS,2018-11-08,5.315,2018-11-09,5.32,3073.7043934674793,15.368521967337074,1
IBZL,2018-11-09,27.441,2018-11-12,27.69,595.9005638732915,148.37924040445068,1
IUCS,2018-11-12,5.34,2018-11-20,5.191,3089.978766601394,-460.40683622360666,6
IBZL,2018-11-20,27.735,2018-11-21,27.45,578.3335055860045,-164.8250490920109,1
IDTL,2018-11-21,4.33,2018-11-23,4.354,3666.340583911276,87.99217401387068,1
IUCS,2018-11-23,5.102,2018-11-26,5.165,3128.8214234319275,197.11574967620982,1
IDTL,2018-11-26,4.338,2018-11-28,4.339,3725.30259382801,3.725302593829838,2
IUCS,2018-11-28,5.198,2018-11-30,5.24,3109.674481458202,130.60632822124353,2
EQQQ,2018-11-30,148.55,2018-12-03,150.0,109.69164781447982,159.05288933099473,1
IDTL,2018-12-03,4.338,2018-12-14,4.427,3792.9338801687354,337.57111533501666,8
IGLN,2018-12-14,24.2925,2018-12-17,24.3025,691.2140902544814,6.9121409025428875,1
IDTL,2018-12-17,4.426,2019-01-02,4.55,3795.3525595141286,470.62371737975263,7
IGLN,2019-01-02,25.395,2019-01-03,25.3075,680.0100077097572,-59.50087567460287,1
IBZL,2019-01-03,28.33,2019-02-04,31.62,607.4604048752095,1998.5447320394414,21
IUES,2019-02-04,5.165,2019-02-05,5.16,3718.857309226355,-18.594286546132935,1
EQQQ,2019-02-05,148.5,2019-02-06,150.39,129.22090044180464,244.22750183501194,1
IUES,2019-02-06,5.122,2019-02-07,5.11,3794.1294840771184,-45.52955380892308,1
EQQQ,2019-02-07,150.45,2019-02-21,153.07,128.86674419165223,337.6308697821296,9
IUES,2019-02-21,5.28,2019-02-22,5.195,3735.915252540948,-317.5527964659814,1
IUCS,2019-02-22,5.172,2019-02-25,5.165,3752.528951459827,-26.267702660217765,1
EQQQ,2019-02-25,153.72,2019-03-05,154.62,126.08516806069481,113.47665125462663,6
EEA,2019-03-05,8.63,2019-03-06,8.6,2259.0137526702933,-67.77041258011377,1
EQQQ,2019-03-06,155.2,2019-03-14,157.08,125.17730845982295,235.33333990447136,6
EEA,2019-03-14,8.63,2019-03-22,8.69,2278.430082603591,136.7058049562147,6
EQQQ,2019-03-22,161.25,2019-03-28,158.74,122.78795297876097,-308.1977619766876,4
IDTL,2019-03-28,4.744,2019-04-02,4.692,4108.633991536366,-213.64896755988957,3
EQQQ,2019-04-02,163.09,2019-05-09,165.4,118.20289832784738,273.04869513732774,23
IUCS,2019-05-09,5.398,2019-05-13,5.415,3621.8524237543456,61.571491203823825,2
IDTL,2019-05-13,4.718,2019-05-15,4.734,4156.9162515111875,66.51066002417792,2
IUCS,2019-05-15,5.438,2019-05-22,5.488,3618.764533772336,180.9382266886205,5
IDTL,2019-05-22,4.729,2019-06-11,4.9225,4199.572797915539,812.6173363966591,13
IBZL,2019-06-11,28.8,2019-06-26,29.2,717.7915658937237,287.1166263574887,11
IGLN,2019-06-26,27.545,2019-07-02,27.2625,760.9189952476577,-214.95961615746273,4
IUES,2019-07-02,5.1275,2019-07-03,5.025,4045.74434089503,-414.68879494174325,1
EQQQ,2019-07-03,169.9,2019-07-08,170.0,119.65782997644216,11.965782997642236,2
IBZL,2019-07-08,31.103,2019-07-26,31.045,654.0150820176564,-37.932874757025274,14
EQQQ,2019-07-26,175.77,2019-07-30,175.58,115.51401388882141,-21.947662638878683,2
IBZL,2019-07-30,31.5,2019-07-31,31.24,643.8714463047385,-167.4065760392332,1
EQQQ,2019-07-31,175.13,2019-08-05,167.36,114.8549305233828,-892.4228101666813,3
IGLN,2019-08-05,28.5,2019-08-12,29.2025,674.4603920138017,473.8084253896959,5
IDTL,2019-08-12,5.257,2019-09-09,5.446,3746.61015746301,708.1093197605078,17
EQQQ,2019-09-09,174.88,2019-09-11,173.78,116.6745134809215,-128.34196482901461,2
IUES,2019-09-11,4.914,2019-09-12,4.905,4126.108455985865,-37.13497610386912,1
EQQQ,2019-09-12,176.17,2019-09-17,174.45,114.88086494074287,-197.59508769807508,3
IUES,2019-09-17,5.0675,2019-09-27,4.834,3954.80353012582,-923.446624284381,8
IBZL,2019-09-27,29.58,2019-10-02,29.13,646.2988595208997,-290.8344867844062,3
IUES,2019-10-02,4.685,2019-10-04,4.615,4018.5028341182087,-281.29519838827036,2
IBZL,2019-10-04,28.475,2019-10-07,28.75,651.2867631064279,179.10385985426547,1
EEA,2019-10-07,8.63,2019-10-08,8.77,2169.6980810324217,303.7577313445363,1
IUCS,2019-10-08,5.845,2019-10-09,5.833,3255.4751361256353,-39.06570163350625,1
IDTL,2019-10-09,5.455,2019-10-11,5.317,3481.0607642567975,-480.38638546743823,2
EEA,2019-10-11,8.97,2019-10-15,8.91,2063.4113805522175,-123.8046828331353,2
IDTL,2019-10-15,5.331,2019-10-16,5.275,3448.6954418908754,-193.12694474588716,1
EEA,2019-10-16,9.01,2019-10-21,8.97,2019.0753003301188,-80.7630120132053,3
IUCS,2019-10-21,5.855,2019-10-22,5.873,3093.2716385928547,55.67888949467306,1
EEA,2019-10-22,9.05,2019-10-23,9.16,2007.379484359761,220.81174327957342,1
IBZL,2019-10-23,29.751,2019-11-05,31.145,618.0496815816414,861.561256124809,9
IUES,2019-11-05,4.959,2019-11-06,4.959,3881.661087489458,0.0,1
IBZL,2019-11-06,30.896,2019-11-07,30.64,623.0307267238549,-159.49586604130673,1
IUES,2019-11-07,4.874,2019-11-08,4.915,3916.6314047638316,160.58188759531913,1
IBZL,2019-11-08,30.899,2019-11-12,30.051,623.0053838122344,-528.3085654727765,2
EQQQ,2019-11-12,183.26,2019-12-05,183.89,102.16050850671972,64.36112035922997,16
IUCS,2019-12-05,5.979,2019-12-09,6.04,3142.046480899931,191.66483533489736,2
EQQQ,2019-12-09,185.71,2019-12-10,185.04,102.1913776567529,-68.46822303002773,1
IUCS,2019-12-10,6.026,2019-12-12,6.048,3137.984155593355,69.03565142305524,2
IDTL,2019-12-12,5.199,2019-12-13,5.132,3650.4189599978095,-244.5780703198543,1
IBZL,2019-12-13,31.14,2020-01-10,31.865,601.6040495410648,436.162935917273,15
EQQQ,2020-01-10,198.15,2020-01-28,200.36,96.74546070464814,213.80746815727252,11
IGLN,2020-01-28,30.865,2020-01-31,30.8375,628.0226958296874,-17.270624135315302,3
IDTL,2020-01-31,5.408,2020-02-05,5.391,3581.111294868341,-60.87889201276266,3
EQQQ,2020-02-05,206.87,2020-02-24,209.24,93.32320293244658,221.17599094989782,12
IDTL,2020-02-24,5.57,2020-02-25,5.61,3505.735544270219,140.22942177080768,1
IGLN,2020-02-25,32.255,2020-02-26,32.18,609.7403938414487,-45.730529538108385,1
IDTL,2020-02-26,5.629,2020-03-19,5.467,3485.778268576625,-564.6960795094128,16
SEGA,2020-03-19,120.75,2020-03-20,118.58,157.8198740729475,-342.469126738295,1
IDTL,2020-03-20,5.587,2020-04-08,6.264,3349.6117178396485,2267.687132977444,13
EQQQ,2020-04-08,181.68,2020-04-21,196.99,115.48859423462989,1768.1303777321846,7
IUES,2020-04-21,2.852,2020-05-07,3.066,7976.892769382799,1707.0550526479165,11
EQQQ,2020-05-07,205.44,2020-05-11,209.1,119.04766954306687,435.7144705276223,1
IUES,2020-05-11,3.284,2020-05-14,3.041,7580.044976082608,-1841.9509291880713,3
EQQQ,2020-05-14,203.9,2020-05-18,208.54,113.05010677914277,524.5524954552202,2
IUES,2020-05-18,3.116,2020-05-29,3.288,7565.940073081652,1301.3416925700403,8
IBZL,2020-05-29,18.878,2020-06-29,20.01,1317.767293160953,1491.7125758582006,21
EEA,2020-06-29,8.37,2020-06-30,8.3,3150.361234904501,-220.5252864433096,1
IBZL,2020-06-30,20.581,2020-07-02,21.215,1270.4921165010137,805.4920018616431,2
EQQQ,2020-07-02,224.08,2020-07-16,227.45,120.28512250789451,405.36086285160127,9
IBZL,2020-07-16,21.382,2020-07-17,21.77,1279.527224507558,496.45656310893173,1
EEA,2020-07-17,8.82,2020-07-20,8.98,3158.198149379766,505.31170390076295,1
IBZL,2020-07-20,21.69,2020-07-21,22.45,1307.5435399460719,993.7330903590118,1
EEA,2020-07-21,9.17,2020-07-24,8.96,3201.1289500315497,-672.2370795066236,3
IGLN,2020-07-24,36.8975,2020-07-30,38.2475,777.3457657641491,1049.4167837816021,4
IBZL,2020-07-30,22.57,2020-08-03,22.065,1317.3031535695302,-665.2380925526122,2
IGLN,2020-08-03,38.5525,2020-08-12,37.425,753.9405767073908,-850.0680002375848,7
IUES,2020-08-12,3.316,2020-08-13,3.306,8509.1152241478,-85.09115224147536,1
EEA,2020-08-13,9.35,2020-08-14,9.25,3008.6775327307623,-300.8677532730726,1
IGLN,2020-08-14,37.9975,2020-08-21,38.085,732.4236378119496,64.08706830854499,5
EEA,2020-08-21,9.47,2020-08-26,9.72,2945.5495507991654,736.3873876997932,3
EQQQ,2020-08-26,243.35,2020-09-08,239.4,117.65252366454855,-464.7274684749682,7
EEA,2020-09-08,9.33,2020-09-09,9.48,3018.8653982093165,452.8298097314,1
IUCS,2020-09-09,6.31,2020-09-10,6.357,4535.474480986422,213.16730060636473,1
EEA,2020-09-10,9.77,2020-09-18,9.7,2951.0758726336426,-206.57531108435796,6
IBZL,2020-09-18,21.055,2020-09-21,19.93,1359.5552583493863,-1529.4996656430594,1
EEA,2020-09-21,9.43,2020-09-22,9.29,2873.376065631312,-402.2726491883841,1
SEGA,2020-09-22,122.56,2020-09-28,121.48,217.80078043174677,-235.22484286628605,4
IDTL,2020-09-28,6.17,2020-10-05,6.073,4288.239676960875,-415.9592486652,5
SEGA,2020-10-05,121.8,2020-10-07,122.12,213.8134610688292,68.42030754202642,2
EQQQ,2020-10-07,236.12,2020-10-23,241.4,110.58317747639092,583.8791770753451,12
IUCS,2020-10-23,6.475,2020-10-27,6.383,4122.745798115949,-379.2926134266636,2
IBZL,2020-10-27,19.862,2020-10-28,19.35,1324.9162435491946,-678.3571166971815,1
IGLN,2020-10-28,37.25,2020-10-29,36.7825,688.2450822195146,-321.7545759376226,1
IBZL,2020-10-29,18.784,2020-10-30,18.202,1347.7094727821177,-784.3669131591887,1
SEGA,2020-10-30,122.4,2020-11-03,121.88,200.4167305848048,-104.2166999041001,2
IUES,2020-11-03,2.581,2020-11-04,2.584,9464.080249390163,28.392240748173208,1
IUCS,2020-11-04,6.37,2020-11-05,6.37,3839.118267570515,0.0,1
EQQQ,2020-11-05,250.26,2020-11-06,248.15,97.71910558788532,-206.1873127904364,1
IBZL,2020-11-06,19.93,2020-11-12,21.475,1216.7082815671724,1879.814295021286,4
IUES,2020-11-12,2.902,2020-12-18,3.451,9003.725136683332,4943.045100039148,25
IBZL,2020-12-18,24.905,2020-12-22,24.1,1247.6151554585094,-1004.3302001441007,2
IUES,2020-12-22,3.32,2020-12-23,3.29,9056.483507997013,-271.69450523990963,1
IBZL,2020-12-23,24.51,2021-01-05,24.165,1215.6601689641031,-419.40275829261736,4
IGLN,2021-01-05,37.895,2021-01-07,37.5025,775.2059106219172,-304.26831991910876,2
IUES,2021-01-07,3.609,2021-01-25,3.662,8055.461253283028,426.9394464240031,11
EQQQ,2021-01-25,270.75,2021-01-28,263.25,108.95327464274219,-817.1495598205656,3
IUES,2021-01-28,3.519,2021-02-05,3.713,8150.596632481353,1581.2157467013822,6
EQQQ,2021-02-05,277.96,2021-02-11,275.95,108.87597242913823,-218.84070458256974,4
IUES,2021-02-11,3.917,2021-02-12,3.831,7670.238598881974,-659.6405195038496,1
EQQQ,2021-02-12,276.96,2021-02-22,271.28,106.09721285498571,-602.6321690163204,5
IUES,2021-02-22,4.063,2021-03-24,4.291,7083.940906547015,1615.1385266927246,22
IUCS,2021-03-24,6.67,2021-03-25,6.685,4557.299914541716,68.35949871812409,1
IUES,2021-03-25,4.352,2021-03-26,4.392,7000.356141707575,280.01424566830246,1
IUCS,2021-03-26,6.72,2021-04-01,6.845,4575.232764044595,571.9040955055752,4
IBZL,2021-04-01,22.285,2021-04-07,22.296,1405.3160542914627,15.458476597206754,2
EQQQ,2021-04-07,280.47,2021-04-19,286.81,111.71578688088725,708.2780888248199,8
IUCS,2021-04-19,6.978,2021-04-26,6.935,4591.7461787485345,-197.44508568618767,5
EEA,2021-04-26,11.4,2021-04-29,11.27,2793.3122587386915,-363.13059363603315,3
IBZL,2021-04-29,23.285,2021-05-04,22.73,1351.970330942025,-750.3435336728216,2
EEA,2021-05-04,11.18,2021-05-06,11.37,2748.683866038661,522.2499345473443,2
IUES,2021-05-06,4.663,2021-05-07,4.667,6702.237949144236,26.808951796574547,1
IBZL,2021-05-07,23.455,2021-05-11,24.05,1333.589618787301,793.4858231784492,2
IUES,2021-05-11,4.751,2021-05-12,4.65,6750.753595418773,-681.8261131372965,1
IBZL,2021-05-12,24.151,2021-05-13,23.65,1299.7807220693676,-651.1901417567569,1
IUES,2021-05-13,4.663,2021-05-14,4.634,6592.282667154308,-191.17619734747495,1
IBZL,2021-05-14,23.81,2021-05-18,23.944,1283.0171306002967,171.92429550044108,2
IUES,2021-05-18,4.852,2021-06-01,4.662,6331.52559255843,-1202.9898625861024,9
IGLN,2021-06-01,37.3775,2021-06-02,37.04,789.7149973247917,-266.52881159711615,1
IBZL,2021-06-02,24.925,2021-06-14,26.035,1173.5624273183664,1302.6542943233871,8
EQQQ,2021-06-14,283.93,2021-06-15,285.31,107.60996652426186,148.50175380348082,1
IBZL,2021-06-15,26.425,2021-06-21,25.86,1161.8618561603464,-656.4519487305988,4
EQQQ,2021-06-21,289.84,2021-06-22,290.31,103.66321970848247,48.72171326298849,1
IBZL,2021-06-22,25.905,2021-07-01,26.185,1161.7243510353037,325.2828182898811,7
EQQQ,2021-07-01,300.55,2021-07-20,304.24,101.21361547782207,373.4782411131637,12
IDTL,2021-07-20,5.639,2021-07-21,5.62,5460.760839328354,-103.75445594724079,1
EQQQ,2021-07-21,306.51,2021-07-28,309.65,100.12552907580618,314.39416129803067,5
IDTL,2021-07-28,5.56,2021-07-29,5.544,5576.235625597731,-89.21977000956394,1
EQQQ,2021-07-29,310.0,2021-07-30,305.67,99.72467841391554,-431.80785753225064,1
IDTL,2021-07-30,5.556,2021-08-06,5.577,5486.472723322816,115.2159271897799,5
EQQQ,2021-08-06,313.7,2021-08-12,312.8,97.53923614272026,-87.7853125284455,4
IUCS,2021-08-12,7.277,2021-08-16,7.31,4192.69933563871,138.3590780760751,2
EEA,2021-08-16,11.6,2021-08-17,11.65,2642.123460648187,132.10617303241088,1
IUCS,2021-08-17,7.36,2021-08-19,7.29,4182.165532140133,-292.75158724981156,2
EQQQ,2021-08-19,309.21,2021-08-20,312.65,98.59961427282938,339.182673098534,1
IUCS,2021-08-20,7.35,2021-08-25,7.282,4194.172707809538,-285.2037441310458,3
EQQQ,2021-08-25,320.73,2021-09-10,322.75,95.22640744011804,192.35734302903802,10
IGLN,2021-09-10,35.1825,2021-09-15,35.125,873.5684786839508,-50.23018752432472,3
IDTL,2021-09-15,5.631,2021-09-17,5.606,5449.137420311449,-136.22843550778998,2
EQQQ,2021-09-17,322.68,2021-09-20,317.87,94.6692214524172,-455.3589551861296,1
IUES,2021-09-20,4.354,2021-09-21,4.345,6911.461971309108,-62.2031577417838,1
IDTL,2021-09-21,5.614,2021-09-22,5.616,5349.181023394741,10.698362046787224,1
IUES,2021-09-22,4.379,2021-11-03,5.25,6860.242207669528,5975.27096288016,30
EQQQ,2021-11-03,337.6,2021-12-03,346.3,106.68326892851013,928.1444396780353,21
IBZL,2021-12-03,20.075,2021-12-06,20.435,1840.3196029859557,662.5150570749465,1
IDTL,2021-12-06,5.761,2021-12-07,5.71,6527.847784589135,-332.9202370140483,1
IBZL,2021-12-07,20.6,2021-12-13,20.87,1809.4180024273765,488.54286065539054,4
EQQQ,2021-12-13,354.65,2021-12-14,350.35,106.47836940831623,-457.85698845575826,1
IUCS,2021-12-14,7.697,2021-12-29,7.813,4846.654114876392,562.2118773256589,8
EEA,2021-12-29,10.19,2021-12-30,10.2,3716.085240385599,37.16085240386019,1
IUCS,2021-12-30,7.897,2022-01-06,7.97,4799.8061861381675,350.38585158808564,3
IUES,2022-01-06,5.447,2022-01-07,5.583,7023.0319999120975,955.1323519880461,1
IUCS,2022-01-07,7.945,2022-01-10,8.02,4935.127458213875,370.13455936603714,1
IUES,2022-01-10,5.65,2022-02-08,6.43,7005.260569004474,5464.103243823491,20
IBZL,2022-02-08,22.69,2022-03-15,24.215,1985.184021978791,3027.4056335176574,24
IUES,2022-03-15,6.652,2022-03-16,6.708,7226.583146755325,404.688656218299,1
IGLN,2022-03-16,37.37,2022-03-17,37.72,1297.1881120801372,454.01583922805,1
IUES,2022-03-17,6.603,2022-03-30,7.13,7410.2583049618015,3905.2061267148674,9
IBZL,2022-03-30,26.815,2022-03-31,26.911,1970.3576995852186,189.15433916018083,1
IUES,2022-03-31,7.138,2022-04-04,7.218,7428.452795396164,594.2762236316921,2
IBZL,2022-04-04,28.13,2022-04-06,27.96,1906.099263319215,-324.0368747642642,2
EEA,2022-04-06,8.93,2022-04-07,8.87,5968.033079776624,-358.0819847866005,1
EQQQ,2022-04-07,325.58,2022-04-11,320.35,162.59123231653865,-850.3521450154876,2
IUCS,2022-04-11,8.13,2022-04-13,8.145,6406.654523075419,96.09981784612319,2
IBZL,2022-04-13,27.784,2022-04-22,27.1,1878.13853622406,-1284.6467587772568,5
IUCS,2022-04-22,8.34,2022-05-05,8.133,6102.82426039233,-1263.2846219012135,8
IUES,2022-05-05,7.56,2022-05-11,7.145,6565.379591239526,-2724.6325303644044,4
SEGA,2022-05-11,101.33,2022-05-12,101.74,462.9392793783323,189.80510454511386,1
IUES,2022-05-12,7.168,2022-05-13,7.24,6570.792729345916,473.09707651290955,1
SEGA,2022-05-13,101.5,2022-05-16,101.3,468.69496906861514,-93.7389938137203,1
IUES,2022-05-16,7.42,2022-06-17,7.253,6398.760157230555,-1068.5929462575004,21
IGLN,2022-06-17,35.955,2022-06-24,35.555,1290.785910732672,-516.3143642930736,4
IUCS,2022-06-24,7.442,2022-06-28,7.6,6166.8762504837605,974.3664475764308,2
EQQQ,2022-06-28,279.15,2022-07-01,266.05,167.89632636101229,-2199.4418753292557,3
SEGA,2022-07-01,100.065,2022-07-07,97.81,446.3980175720514,-1006.6275296249732,3
IUCS,2022-07-07,7.565,2022-07-08,7.55,5771.604771807316,-86.57407157711714,1
SEGA,2022-07-08,97.2,2022-07-11,97.57,448.30880686363406,165.87425853953755,1
EQQQ,2022-07-11,289.9,2022-07-12,287.75,150.88475434868843,-324.402221849683,1
SEGA,2022-07-12,98.59,2022-07-13,98.06,440.3802420512739,-233.40152828716964,1
IUCS,2022-07-13,7.513,2022-07-14,7.465,5747.861910761071,-275.89737171652814,1
EQQQ,2022-07-14,285.35,2022-08-09,316.25,150.36898252613068,4646.401560057435,18
IBZL,2022-08-09,24.18,2022-09-08,24.42,1966.6745543378343,472.0018930410879,19
IUES,2022-09-08,7.39,2022-09-22,7.23,6498.808202561559,-1039.809312409845,9
SEGA,2022-09-22,96.28,2022-10-04,96.02,488.01810661113495,-126.88470771889843,8
IBZL,2022-10-04,25.535,2022-10-06,25.3,1835.1086194165332,-431.25052556288574,2
IUES,2022-10-06,7.688,2022-10-13,7.635,6039.054119567936,-320.06986833710107,5
SEGA,2022-10-13,92.54,2022-10-14,92.625,498.2513313475382,42.35136316454009,1
IUES,2022-10-14,8.0,2022-10-18,7.928,5768.816195758216,-415.35476609459147,2
IBZL,2022-10-18,24.485,2022-10-20,24.98,1867.885431895901,924.6032887884721,2
IUES,2022-10-20,8.043,2022-11-10,8.465,5801.2903255948795,2448.144517401044,15
EEA,2022-11-10,7.54,2022-12-07,7.85,6512.987083045179,2019.0259957439994,18
IDTL,2022-12-07,4.013,2022-12-21,3.8326,12740.331074484091,-2298.3557258369256,10
IGLN,2022-12-21,35.3625,2023-01-13,37.0125,1380.8014952581896,2278.322467176018,14
IUES,2023-01-13,8.6,2023-01-18,8.643,5942.664574795785,255.53457671622164,2
IGLN,2023-01-18,37.165,2023-01-19,37.225,1382.0112988015596,82.92067792810121,1
IBZL,2023-01-19,21.931,2023-01-23,21.88,2345.7831652860364,-119.63494142959826,2
IUES,2023-01-23,8.65,2023-01-25,8.68,5933.611058550112,178.0083317565004,2
EEA,2023-01-25,8.36,2023-02-03,8.64,6160.734926819973,1725.0057795096,7
EQQQ,2023-02-03,281.65,2023-03-07,282.55,188.98899260686872,170.09009334618895,21
EEA,2023-03-07,8.45,2023-03-08,8.58,6319.389332671096,821.5206132472449,1
SEGA,2023-03-08,94.32,2023-03-09,93.96,574.8553909490882,-206.94794074166566,1
EEA,2023-03-09,8.47,2023-03-10,8.39,6377.026273149508,-510.16210185195814,1
SEGA,2023-03-10,94.4,2023-03-13,95.6,566.7717206750463,680.1260648100433,1
IDTL,2023-03-13,3.8886,2023-03-14,3.962,13933.903331927793,1022.748504563504,1
IGLN,2023-03-14,37.2475,2023-04-14,39.75,1482.143096881614,3709.06309994623,21
IUES,2023-04-14,8.45,2023-04-24,8.193,6972.211609591024,-1791.8583836648904,6
EEA,2023-04-24,8.85,2023-04-25,8.8,6454.613527387487,-322.7306763693705,1
IUES,2023-04-25,8.39,2023-04-26,8.197,6770.035642551834,-1306.6168790125157,1
EEA,2023-04-26,8.9,2023-04-27,8.88,6235.278894606447,-124.70557789212035,1
IUES,2023-04-27,8.158,2023-04-28,8.13,6787.1140701281265,-190.03919396358106,1
EEA,2023-04-28,8.7,2023-05-04,8.54,6342.44107932663,-1014.7905726922618,3
IUCS,2023-05-04,8.123,2023-05-05,8.103,6668.034816871774,-133.3606963374259,1
IGLN,2023-05-05,39.86,2023-05-09,39.4175,1355.5214782015048,-599.8182541041679,1
IUCS,2023-05-09,8.15,2023-05-10,8.145,6555.983787362921,-32.7799189368161,1
IBZL,2023-05-10,21.34,2023-05-16,22.135,2502.272162515042,1989.3063691994612,4
EQQQ,2023-05-16,301.6,2023-05-23,314.0,183.64653288219648,2277.2170077392366,5
IBZL,2023-05-23,22.18,2023-05-26,22.253,2599.8652536072905,189.79016351333848,3
EQQQ,2023-05-26,318.25,2023-06-05,332.25,181.79042101656884,2545.065894231964,5
IBZL,2023-06-05,22.99,2023-06-06,23.21,2627.223461624837,577.989161557467,1
EQQQ,2023-06-06,331.65,2023-06-07,333.25,183.86207310210304,294.17931696336746,1
IBZL,2023-06-07,23.534,2023-06-09,23.8,2603.5538311071573,692.5453190745102,2
EQQQ,2023-06-09,329.02,2023-06-12,332.6,188.33074336013115,674.2240612292808,1
IBZL,2023-06-12,24.08,2023-06-14,24.255,2601.2792874410147,455.22387530217384,2
EQQQ,2023-06-14,338.15,2023-06-21,337.15,186.58592079515543,-186.58592079515802,4
IBZL,2023-06-21,24.525,2023-06-27,24.175,2565.0333617160713,-897.7616766006249,4
EQQQ,2023-06-27,329.65,2023-06-28,332.83,188.10763391319892,598.1822758439739,1
IBZL,2023-06-28,23.73,2023-07-07,23.242,2638.3423428289084,-1287.5110633005097,6
IUCS,2023-07-07,7.963,2023-07-12,7.855,7700.659642349553,-831.6712413737478,3
EQQQ,2023-07-12,335.65,2023-07-13,337.3,180.21356022838,297.35237437683827,1
EEA,2023-07-13,8.62,2023-07-21,8.78,7051.744067869209,1128.2790508590697,6
IUES,2023-07-21,8.155,2023-09-15,9.117,7592.1904250020425,7303.6871888519745,37
EQQQ,2023-09-15,355.79,2023-09-18,349.1,194.547345638561,-1301.5217423219729,1
IUES,2023-09-18,9.02,2023-09-21,8.873,7529.5430557008485,-1106.8428291880264,3
EQQQ,2023-09-21,343.23,2023-09-22,338.25,194.64975536297416,-969.3557817076071,1
IBZL,2023-09-22,23.08,2023-09-25,23.26,2852.698429442202,513.485717299598,1
IUES,2023-09-25,8.8,2023-10-04,8.635,7540.200621457456,-1244.133102540487,7
SEGA,2023-10-04,90.245,2023-10-11,91.23,721.4763406979348,710.6541955874636,5
EQQQ,2023-10-11,349.7,2023-10-12,351.9,188.21929242743093,414.0824433403468,1
SEGA,2023-10-12,90.98,2023-10-13,91.22,728.01021109269,174.72245066224423,1
EQQQ,2023-10-13,353.0,2023-10-16,349.3,188.12773783534047,-696.0726299907546,1
IGLN,2023-10-16,37.17,2023-10-17,37.31,1767.9047303170414,247.50666224438464,1
EQQQ,2023-10-17,351.45,2023-10-20,340.5,187.6811082319784,-2055.1081351401663,3
IGLN,2023-10-20,38.5325,2023-11-08,38.2875,1658.4809538179109,-406.32783368538367,13
IBZL,2023-11-08,23.69,2023-11-09,23.553,2680.4174554370306,-367.2171913948696,1
IGLN,2023-11-09,37.9325,2023-11-10,38.0525,1664.321421680838,199.7185706017044,1
IBZL,2023-11-10,23.43,2023-11-14,23.715,2703.012842446013,770.3586600971175,2
IUCS,2023-11-14,7.5,2023-11-15,7.565,8546.926607814294,555.550229507935,1
IBZL,2023-11-15,24.23,2023-11-27,24.1,2668.489467111644,-346.90363072451146,7
EEA,2023-11-27,8.4,2023-12-05,8.27,7656.023352070312,-995.2830357691419,6
IDTL,2023-12-05,3.4944,2023-12-11,3.5366,18119.079991306513,764.625175633133,4
EEA,2023-12-11,8.37,2023-12-12,8.47,7655.9066066015075,765.5906606601566,1
IDTL,2023-12-12,3.5772,2024-01-09,3.5726,18127.454142322145,-83.38628905468067,17
EEA,2024-01-09,8.6,2024-01-10,8.97,7530.481705681407,2786.278231102122,1
IUCS,2024-01-10,7.905,2024-01-19,7.883,8545.024781778902,-187.99054519913625,6
EQQQ,2024-01-19,383.3,2024-02-20,401.4,175.73814337271872,3180.860395046213,21
IUES,2024-02-20,8.383,2024-02-28,8.463,8414.802666087237,673.1842132869788,6
IBZL,2024-02-28,25.33,2024-03-01,24.792,2811.467625862467,-1512.5695827140007,2
EQQQ,2024-03-01,410.1,2024-03-06,405.05,169.96319283194896,-858.3141238013486,3
IGLN,2024-03-06,41.395,2024-03-15,42.16,1663.0895339190947,1272.263493448103,7
IUES,2024-03-15,9.0,2024-04-16,9.44,7790.650527781003,3427.886232223638,20
IGLN,2024-04-16,46.1575,2024-05-07,45.1425,1593.3215833234615,-1617.221407073317,13
IBZL,2024-05-07,23.955,2024-05-08,24.142,3002.568130877869,561.480240474164,1
IUCS,2024-05-08,8.465,2024-05-15,8.53,8563.260462569819,556.6119300670398,5
EEA,2024-05-15,9.16,2024-05-24,9.2,7974.302592327571,318.97210369308596,7
EQQQ,2024-05-24,421.5,2024-06-03,419.05,174.05357971391138,-426.4312702990719,4
EEA,2024-06-03,9.07,2024-06-06,9.11,8041.582423276137,321.66329693103035,3
EQQQ,2024-06-06,428.05,2024-07-25,430.75,171.14546402533722,462.0927528684115,17
IGLN,2024-07-25,46.1,2024-07-29,46.52,1599.1520309959656,671.6438530183077,1
EQQQ,2024-07-29,431.55,2024-08-02,421.55,172.38454983647856,-1723.8454983647825,2
IUES,2024-08-02,9.13,2024-08-05,8.855,7959.332637849675,-2188.816475408661,1
IDTL,2024-08-05,3.6696,2024-08-13,3.569,19206.423181861475,-1932.1661720952688,3
IGLN,2024-08-13,47.9,2024-08-14,47.975,1431.0589631746057,107.32942223810824,1
IBZL,2024-08-14,21.8,2024-08-21,21.865,3149.3143925826475,204.70543551786977,2
IGLN,2024-08-21,48.8975,2024-08-23,48.4675,1408.247030907911,-605.5462232904101,2
IDTL,2024-08-23,3.631,2024-08-29,3.632,18797.63507863651,18.797635078633903,2
IUCS,2024-08-29,9.175,2024-09-03,9.21,7441.2000660063,260.4420023102284,2
IDTL,2024-09-03,3.584,2024-09-04,3.63,19122.057089262846,879.614626106093,1
IUCS,2024-09-04,9.273,2024-09-09,9.26,7485.502775156274,-97.31153607703163,3
IDTL,2024-09-09,3.689,2024-09-16,3.737,18789.84974192114,901.9127876122075,4
IUCS,2024-09-16,9.355,2024-09-20,9.203,7505.897219193939,-1140.896377317491,2
IBZL,2024-09-20,21.265,2024-09-23,20.605,3248.3786554545877,-2143.929912600026,1
IGLN,2024-09-23,51.02,2024-10-08,51.245,1311.8942021881965,295.17619549234223,7
IUES,2024-10-08,9.45,2024-10-09,9.2,7114.076020225834,-1778.519005056456,1
EQQQ,2024-10-09,446.7,2024-10-14,453.4,146.51779580496458,981.6692318932619,2
IGLN,2024-10-14,51.7975,2024-10-15,51.495,1282.5168901582304,-387.96135927287105,1
EQQQ,2024-10-15,458.7,2024-11-06,466.9,143.97908711292362,1180.6285143259738,9
IGLN,2024-11-06,52.97,2024-11-07,51.76,1269.0926141782904,-1535.602063155733,1
EQQQ,2024-11-07,473.2,2025-01-15,492.8,138.8170619397048,2720.814414018212,32
IGLN,2025-01-15,52.105,2025-01-16,52.4275,1312.907554435976,423.41268630561535,1
EQQQ,2025-01-16,507.64,2025-01-28,497.0,135.59305966864733,-1442.7101548744104,4
IGLN,2025-01-28,53.2575,2025-01-31,54.3725,1265.3570042776646,1410.8730597695976,3
IBZL,2025-01-31,20.23,2025-02-25,19.71,3400.920598867391,-1768.4787114110368,11
IGLN,2025-02-25,56.955,2025-02-28,55.5525,1176.931700529827,-1650.6467099930742,1
IUCS,2025-02-28,9.57,2025-03-03,9.627,6831.922496727608,389.4195823134796,1
EEA,2025-03-03,8.96,2025-03-04,9.12,7340.504227231772,1174.4806763570668,1
IUCS,2025-03-04,9.713,2025-03-06,9.537,6892.35030910674,-1213.053654402771,2
EEA,2025-03-06,9.32,2025-03-13,9.08,7052.826705788732,-1692.678409389293,4
IGLN,2025-03-13,57.045,2025-03-18,58.6225,1122.6166445536276,1770.927756783356,3
EEA,2025-03-18,9.29,2025-03-25,9.23,7084.025214784181,-425.0415128870445,5
IGLN,2025-03-25,58.51,2025-03-27,58.9725,1117.5107286354128,516.8487119938727,2
IUES,2025-03-27,9.57,2025-03-28,9.467,6886.353337978251,-709.2943938117605,1
IGLN,2025-03-28,59.83,2025-05-12,63.255,1089.6390949463498,3732.013900191254,26
EEA,2025-05-12,9.77,2025-05-13,9.6,7054.771847577417,-1199.3112140881567,1
EQQQ,2025-05-13,456.55,2025-05-14,464.45,148.34259059630534,1171.9064657108102,1
EEA,2025-05-14,9.68,2025-05-15,9.63,7117.532665542771,-355.8766332771338,1
EQQQ,2025-05-15,463.65,2025-06-18,462.36,147.83099227688317,-190.70198003717815,17
IUES,2025-06-18,9.055,2025-06-24,8.77,7548.441478646019,-2151.30582141412,3
IGLN,2025-06-24,64.5775,2025-06-25,64.73,1025.1222448643193,156.3311423418054,1
EEA,2025-06-25,10.05,2025-06-26,10.0,6602.60327463357,-330.1301637316792,1
IGLN,2025-06-26,64.8925,2025-06-27,64.0025,1017.4678544721764,-905.5463904802382,1
EEA,2025-06-27,10.03,2025-06-30,10.11,6492.570922817096,519.4056738253639,1
IUES,2025-06-30,8.783,2025-07-23,8.793,7473.516114047688,74.73516114047379,13
EQQQ,2025-07-23,481.4,2025-07-24,482.6,136.50732694395785,163.80879233275482,1
EEA,2025-07-24,10.3,2025-07-25,10.26,6395.964658558647,-255.8385863423464,1
EQQQ,2025-07-25,483.9,2025-08-20,489.55,135.61189790620318,766.2072231700586,10
EEA,2025-08-20,10.65,2025-08-27,10.47,6233.690574646176,-1122.0643034363093,3
IBZL,2025-08-27,19.78,2025-09-04,20.097,3299.632978591783,1045.9836542135963,4
IGLN,2025-09-04,68.685,2025-09-08,69.8775,965.4615122771938,1151.31285339054,1
IBZL,2025-09-08,20.362,2025-09-15,20.333,3313.232335927198,-96.08373774189386,4
IGLN,2025-09-15,70.62,2025-09-22,72.125,953.9500578647367,1435.6948370864266,4
IBZL,2025-09-22,20.778,2025-09-25,20.995,3311.37009931149,718.5673115505924,1
IGLN,2025-09-25,72.64,2025-09-26,72.68,957.0789542269373,38.283158169084345,1
IBZL,2025-09-26,20.845,2025-09-29,20.925,3337.035183171687,266.9628146537434,1
IGLN,2025-09-29,74.1275,2025-10-29,77.725,941.9913150702176,3388.8137559651077,19
EQQQ,2025-10-29,550.0,2025-10-31,551.4,133.1204999342412,186.36869990792184,1
IGLN,2025-10-31,78.075,2025-11-03,78.165,940.1555384404813,84.61399845963751,1
EQQQ,2025-11-03,549.0,2025-11-07,535.0,133.85657133369804,-1873.9919986717723,4
IBZL,2025-11-07,22.0,2025-12-09,22.635,3255.1484392512934,2067.0192589245853,19
IGLN,2025-12-09,81.215,2026-02-02,89.825,907.2250806187654,7811.207944127571,28
IBZL,2026-02-02,25.502,2026-02-09,26.11,3195.4941913018824,1942.860468311541,5
IUES,2026-02-09,11.17,2026-02-10,11.31,7469.503431950953,1045.7304804731393,1
IBZL,2026-02-10,26.35,2026-02-11,26.524,3206.075287110637,557.8570999572548,1
IUES,2026-02-11,11.285,2026-02-23,11.425,7535.484352266065,1054.9678093172552,4
IBZL,2026-02-23,27.242,2026-02-27,27.192,3160.3005919036705,-158.01502959518984,4
IUES,2026-02-27,11.57,2026-04-09,12.23,7427.389256270061,4902.076909138239,23
